{"["amp1","value"]":{"0.2":0.270573084,"0.35":0.4784783584,"0.5":0.447847065},"["amp1","min"]":{"0.2":null,"0.35":null,"0.5":null},"["amp1","max"]":{"0.2":null,"0.35":null,"0.5":null},"["amp1","init_value"]":{"0.2":0.0,"0.35":0.0,"0.5":0.0},"["amp1","stderr"]":{"0.2":null,"0.35":null,"0.5":null},"["amp1","vary"]":{"0.2":true,"0.35":true,"0.5":true},"["cen_x1","value"]":{"0.2":38.2260865522,"0.35":38.3218577813,"0.5":38.4748932824},"["cen_x1","min"]":{"0.2":30,"0.35":30,"0.5":30},"["cen_x1","max"]":{"0.2":60,"0.35":60,"0.5":60},"["cen_x1","init_value"]":{"0.2":45,"0.35":45,"0.5":45},"["cen_x1","stderr"]":{"0.2":null,"0.35":null,"0.5":null},"["cen_x1","vary"]":{"0.2":true,"0.35":true,"0.5":true},"["cen_y1","value"]":{"0.2":144.7296305661,"0.35":140.0,"0.5":140.0000008929},"["cen_y1","min"]":{"0.2":140,"0.35":140,"0.5":140},"["cen_y1","max"]":{"0.2":180,"0.35":180,"0.5":180},"["cen_y1","init_value"]":{"0.2":160,"0.35":160,"0.5":160},"["cen_y1","stderr"]":{"0.2":null,"0.35":null,"0.5":null},"["cen_y1","vary"]":{"0.2":true,"0.35":true,"0.5":true},"["sig_x1","value"]":{"0.2":151.5071873436,"0.35":49.3496937723,"0.5":50.0631779},"["sig_x1","min"]":{"0.2":30,"0.35":30,"0.5":30},"["sig_x1","max"]":{"0.2":200,"0.35":200,"0.5":200},"["sig_x1","init_value"]":{"0.2":30,"0.35":30,"0.5":30},"["sig_x1","stderr"]":{"0.2":null,"0.35":null,"0.5":null},"["sig_x1","vary"]":{"0.2":true,"0.35":true,"0.5":true},"["sig_y1","value"]":{"0.2":64.0236990215,"0.35":113.2620281422,"0.5":115.766689022},"["sig_y1","min"]":{"0.2":30,"0.35":30,"0.5":30},"["sig_y1","max"]":{"0.2":200,"0.35":200,"0.5":200},"["sig_y1","init_value"]":{"0.2":30,"0.35":30,"0.5":30},"["sig_y1","stderr"]":{"0.2":null,"0.35":null,"0.5":null},"["sig_y1","vary"]":{"0.2":true,"0.35":true,"0.5":true},"["theta1","value"]":{"0.2":1.5877874287,"0.35":3.1415926524,"0.5":0.0124392578},"["theta1","min"]":{"0.2":0,"0.35":0,"0.5":0},"["theta1","max"]":{"0.2":3.1415926536,"0.35":3.1415926536,"0.5":3.1415926536},"["theta1","init_value"]":{"0.2":0,"0.35":0,"0.5":0},"["theta1","stderr"]":{"0.2":null,"0.35":null,"0.5":null},"["theta1","vary"]":{"0.2":true,"0.35":true,"0.5":true},"["amp2","value"]":{"0.2":0.0452988035,"0.35":-0.0209927953,"0.5":-0.0210785382},"["amp2","min"]":{"0.2":null,"0.35":null,"0.5":null},"["amp2","max"]":{"0.2":null,"0.35":null,"0.5":null},"["amp2","init_value"]":{"0.2":0.0,"0.35":0.0,"0.5":0.0},"["amp2","stderr"]":{"0.2":null,"0.35":null,"0.5":null},"["amp2","vary"]":{"0.2":true,"0.35":true,"0.5":true},"["cen_x2","value"]":{"0.2":45.0,"0.35":45.0636674887,"0.5":45.0008665779},"["cen_x2","min"]":{"0.2":45,"0.35":45,"0.5":45},"["cen_x2","max"]":{"0.2":55,"0.35":55,"0.5":55},"["cen_x2","init_value"]":{"0.2":48.1,"0.35":48.1,"0.5":48.1},"["cen_x2","stderr"]":{"0.2":null,"0.35":null,"0.5":null},"["cen_x2","vary"]":{"0.2":true,"0.35":true,"0.5":true},"["cen_y2","value"]":{"0.2":165.0000073134,"0.35":165.0065395748,"0.5":174.9999999991},"["cen_y2","min"]":{"0.2":165,"0.35":165,"0.5":165},"["cen_y2","max"]":{"0.2":175,"0.35":175,"0.5":175},"["cen_y2","init_value"]":{"0.2":171.2,"0.35":171.2,"0.5":171.2},"["cen_y2","stderr"]":{"0.2":null,"0.35":null,"0.5":null},"["cen_y2","vary"]":{"0.2":true,"0.35":true,"0.5":true},"["sig_x2","value"]":{"0.2":15.0,"0.35":3.611772185,"0.5":14.9999999993},"["sig_x2","min"]":{"0.2":3,"0.35":3,"0.5":3},"["sig_x2","max"]":{"0.2":15,"0.35":15,"0.5":15},"["sig_x2","init_value"]":{"0.2":4.5,"0.35":4.5,"0.5":4.5},"["sig_x2","stderr"]":{"0.2":null,"0.35":null,"0.5":null},"["sig_x2","vary"]":{"0.2":true,"0.35":true,"0.5":true},"["sig_y2","value"]":{"0.2":15.0,"0.35":3.611772185,"0.5":14.9999999993},"["sig_y2","min"]":{"0.2":null,"0.35":null,"0.5":null},"["sig_y2","max"]":{"0.2":null,"0.35":null,"0.5":null},"["sig_y2","init_value"]":{"0.2":4.5,"0.35":4.5,"0.5":4.5},"["sig_y2","stderr"]":{"0.2":null,"0.35":null,"0.5":null},"["sig_y2","vary"]":{"0.2":false,"0.35":false,"0.5":false},"["theta2","value"]":{"0.2":0.0,"0.35":0.0,"0.5":0.0},"["theta2","min"]":{"0.2":0,"0.35":0,"0.5":0},"["theta2","max"]":{"0.2":3.1415926536,"0.35":3.1415926536,"0.5":3.1415926536},"["theta2","init_value"]":{"0.2":0,"0.35":0,"0.5":0},"["theta2","stderr"]":{"0.2":null,"0.35":null,"0.5":null},"["theta2","vary"]":{"0.2":true,"0.35":true,"0.5":true},"["offset","value"]":{"0.2":0,"0.35":0,"0.5":0},"["offset","min"]":{"0.2":null,"0.35":null,"0.5":null},"["offset","max"]":{"0.2":null,"0.35":null,"0.5":null},"["offset","init_value"]":{"0.2":0,"0.35":0,"0.5":0},"["offset","stderr"]":{"0.2":null,"0.35":null,"0.5":null},"["offset","vary"]":{"0.2":false,"0.35":false,"0.5":false},"["3lvl_center_od",""]":{"0.2":0.3120861487,"0.35":0.4416274216,"0.5":0.4035204203},"["2lvl_center_od",""]":{"0.2":0.2667873452,"0.35":0.4626202169,"0.5":0.4245989586},"["3vs2lvl_od",""]":{"0.2":1.1697936739,"0.35":0.9546219674,"0.5":0.9503565946}}